{
  "$schema": "https://ui.shadcn.com/schema.json",
  "name": "sheikh-ui",
  "description": "A modern React component library inspired by Vercel's Geist Design System",
  "style": "geist",
  "rsc": false,
  "tsx": false,
  "tailwind": {
    "config": "tailwind.config.js",
    "css": "src/App.css",
    "baseColor": "neutral",
    "cssVariables": true,
    "prefix": ""
  },
  "aliases": {
    "components": "@/components",
    "utils": "@/lib/utils",
    "ui": "@/components/ui",
    "lib": "@/lib",
    "hooks": "@/hooks",
    "registry": "@/registry"
  },
  "iconLibrary": "lucide",
  "registry": {
    "url": "https://sheikh-ui.dev/registry",
    "components": "src/registry/components",
    "lib": "src/registry/lib",
    "hooks": "src/registry/hooks"
  }
}