{
  "name": "sheikh-ui",
  "description": "A modern React component library inspired by Vercel's Geist Design System",
  "version": "1.0.0",
  "author": "Likhon Sheikh",
  "license": "MIT",
  "repository": "https://github.com/likhonsdev/sheikh-ui",
  "components": [
    {
      "name": "button",
      "type": "component",
      "description": "Displays a button or a component that looks like a button.",
      "files": [
        {
          "name": "button.jsx",
          "path": "src/registry/components/button.jsx"
        }
      ],
      "dependencies": [
        "@radix-ui/react-slot",
        "class-variance-authority",
        "clsx",
        "tailwind-merge"
      ]
    },
    {
      "name": "card",
      "type": "component",
      "description": "Displays a card with header, content, and footer.",
      "files": [
        {
          "name": "card.jsx",
          "path": "src/registry/components/card.jsx"
        }
      ],
      "dependencies": [
        "clsx",
        "tailwind-merge"
      ]
    },
    {
      "name": "input",
      "type": "component",
      "description": "Displays a form input field.",
      "files": [
        {
          "name": "input.jsx",
          "path": "src/registry/components/input.jsx"
        }
      ],
      "dependencies": [
        "clsx",
        "tailwind-merge"
      ]
    },
    {
      "name": "badge",
      "type": "component",
      "description": "Displays a badge or a component that looks like a badge.",
      "files": [
        {
          "name": "badge.jsx",
          "path": "src/registry/components/badge.jsx"
        }
      ],
      "dependencies": [
        "class-variance-authority",
        "clsx",
        "tailwind-merge"
      ]
    },
    {
      "name": "dialog",
      "type": "component",
      "description": "A window overlaid on either the primary window or another dialog window.",
      "files": [
        {
          "name": "dialog.jsx",
          "path": "src/registry/components/dialog.jsx"
        }
      ],
      "dependencies": [
        "@radix-ui/react-dialog",
        "class-variance-authority",
        "clsx",
        "tailwind-merge"
      ]
    },
    {
      "name": "menu",
      "type": "component",
      "description": "A flexible menu component with Geist design principles",
      "files": [
        {
          "name": "menu.jsx",
          "path": "src/registry/components/menu.jsx"
        }
      ],
      "dependencies": [
        "@radix-ui/react-dropdown-menu",
        "@radix-ui/react-navigation-menu",
        "@radix-ui/react-context-menu",
        "class-variance-authority",
        "clsx",
        "tailwind-merge"
      ],
      "registryDependencies": ["button"]
    },
    {
      "name": "liquid-glass-card",
      "type": "component",
      "description": "A glassmorphism card with liquid animation effects.",
      "category": "special-effects",
      "files": [
        {
          "name": "liquid-glass-card.jsx",
          "path": "src/registry/components/liquid-glass-card.jsx"
        }
      ],
      "dependencies": [
        "clsx",
        "tailwind-merge"
      ]
    },
    {
      "name": "particle-button",
      "type": "component",
      "description": "A button with particle explosion animation on click.",
      "category": "buttons",
      "files": [
        {
          "name": "particle-button.jsx",
          "path": "src/registry/components/particle-button.jsx"
        }
      ],
      "dependencies": [
        "@radix-ui/react-slot",
        "class-variance-authority",
        "clsx",
        "tailwind-merge"
      ],
      "registryDependencies": ["button"]
    },
    {
      "name": "shimmer-text",
      "type": "component",
      "description": "Text with animated shimmer effect.",
      "category": "texts",
      "files": [
        {
          "name": "shimmer-text.jsx",
          "path": "src/registry/components/shimmer-text.jsx"
        }
      ],
      "dependencies": [
        "clsx",
        "tailwind-merge"
      ]
    },
    {
      "name": "bento-grid",
      "type": "component",
      "description": "A responsive grid layout inspired by bento box design.",
      "category": "layout",
      "files": [
        {
          "name": "bento-grid.jsx",
          "path": "src/registry/components/bento-grid.jsx"
        }
      ],
      "dependencies": [
        "clsx",
        "tailwind-merge"
      ]
    },
    {
      "name": "neon-button",
      "type": "component",
      "description": "A button with neon glow effects and animations.",
      "category": "buttons",
      "files": [
        {
          "name": "neon-button.jsx",
          "path": "src/registry/components/neon-button.jsx"
        }
      ],
      "dependencies": [
        "@radix-ui/react-slot",
        "class-variance-authority",
        "clsx",
        "tailwind-merge"
      ],
      "registryDependencies": ["button"]
    },
    {
      "name": "gradient-button",
      "type": "component",
      "description": "A button with gradient backgrounds and shine effects.",
      "category": "buttons",
      "files": [
        {
          "name": "gradient-button.jsx",
          "path": "src/registry/components/gradient-button.jsx"
        }
      ],
      "dependencies": [
        "@radix-ui/react-slot",
        "class-variance-authority",
        "clsx",
        "tailwind-merge"
      ],
      "registryDependencies": ["button"]
    },
    {
      "name": "toggle-switch",
      "type": "component",
      "description": "A customizable toggle switch with multiple variants.",
      "category": "forms",
      "files": [
        {
          "name": "toggle-switch.jsx",
          "path": "src/registry/components/toggle-switch.jsx"
        }
      ],
      "dependencies": [
        "clsx",
        "tailwind-merge"
      ]
    },
    {
      "name": "loading-spinner",
      "type": "component",
      "description": "Loading spinners with multiple animation variants.",
      "category": "feedback",
      "files": [
        {
          "name": "loading-spinner.jsx",
          "path": "src/registry/components/loading-spinner.jsx"
        }
      ],
      "dependencies": [
        "clsx",
        "tailwind-merge"
      ]
    },
    {
      "name": "floating-input",
      "type": "component",
      "description": "Input field with floating label animation.",
      "category": "forms",
      "files": [
        {
          "name": "floating-input.jsx",
          "path": "src/registry/components/floating-input.jsx"
        }
      ],
      "dependencies": [
        "clsx",
        "tailwind-merge"
      ]
    },
    {
      "name": "animated-card",
      "type": "component",
      "description": "Cards with hover animations and effects.",
      "category": "layout",
      "files": [
        {
          "name": "animated-card.jsx",
          "path": "src/registry/components/animated-card.jsx"
        }
      ],
      "dependencies": [
        "clsx",
        "tailwind-merge"
      ]
    },
    {
      "name": "morphing-button",
      "type": "component",
      "description": "Buttons that morph and transform on interaction.",
      "category": "buttons",
      "files": [
        {
          "name": "morphing-button.jsx",
          "path": "src/registry/components/morphing-button.jsx"
        }
      ],
      "dependencies": [
        "@radix-ui/react-slot",
        "class-variance-authority",
        "clsx",
        "tailwind-merge"
      ],
      "registryDependencies": ["button"]
    }
  ],
  "lib": [
    {
      "name": "utils",
      "description": "Utility functions for sheikh-ui",
      "files": [
        {
          "name": "utils.js",
          "path": "src/registry/lib/utils.js"
        }
      ]
    }
  ],
  "categories": {
    "basic": ["button", "card", "input", "badge", "dialog", "menu"],
    "special-effects": ["liquid-glass-card"],
    "buttons": ["particle-button", "neon-button", "gradient-button", "morphing-button"],
    "texts": ["shimmer-text"],
    "layout": ["bento-grid", "animated-card"],
    "forms": ["toggle-switch", "floating-input"],
    "feedback": ["loading-spinner"]
  }
}

